id;title;description;thumbnail;videoUrl;duration;category
1;Bokep Abg Cantik Live Colmek;Bokep Abg Cantik Live Colmek;https://bokepcrot.today/wp-content/uploads/2022/06/Abg-Cantik-Live-Colmek-bokepcrot-Situs-Nonton-Video-Bokep-Indo-Asia-Barat-Jepang-Film-Semi-scaled.jpg;https://www.blogger.com/video.g?token=AD6v5dzJ4C6NEX6M2Q110BLIeiA1lY6lfG8E-XeQ5oVWhMO_b5PpFs3VAivggh_EkXWiP21MuzhSN3PM2ppiZFp6T0IjMDPwb-eU_roF6bYet1KlBVXWWgo7G3ApJRyPsEmNEK7mGG0;672;Bokep Asia
2;Bokep Abg Cantik Sange;Bokep Abg Cantik Sange;https://bokepcrot.today/wp-content/uploads/2022/06/Bokep-Abg-Cantik-Sange-bokepcrot-Situs-Nonton-Video-Bokep-Indo-Asia-Barat-Jepang-Film-Semi-scaled.jpg;https://www.blogger.com/video.g?token=AD6v5dxlzAWponchycVbOqOci_E3nwS7xC6nVpspQ3766YPLSTFpOBNwQaVWYdN-wt24XTauYqFrrVphOpFEMS2nSI9qh82It-pfMYRj8QykWUjnBhIOjKxsLt0O8O4aYpZ7ubwWQMXj;320;Bokep Indo
3;Bokep Abg Dientot Mendesah Nikmat;Bokep Abg Dientot Mendesah Nikmat;https://bokepcrot.today/wp-content/uploads/2022/05/Abg-Dientot-Mendesah-Nikmat-bokepcrot-Situs-Nonton-Video-Bokep-Indo-Asia-Barat-Jepang-Film-Semi-scaled.jpg;https://www.blogger.com/video.g?token=AD6v5dzszn-YPpB8THfK4DurnutDm4cLvx_7HH08l44asce1VHrUlBpxKEM2bmFmkcO_97eRWQcmIGlW5Qw-Nm8IYaQ3MSp7tqPqDdMbnExs0sege2T40XmT1WKA_LnSBn70SxkprjU;118;Bokep Indo
4;Bokep Abg Mesum Dirumah Sepi;Bokep Abg Mesum Dirumah Sepi;https://bokepcrot.today/wp-content/uploads/2022/06/Abg-Mesum-Sepi-bokepcrot-Situs-Nonton-Video-Bokep-Indo-Asia-Barat-Jepang-Film-Semi-scaled.jpg;https://www.blogger.com/video.g?token=AD6v5dyCY_fQ2j-OczFiiiygEB42-UuErphJe1m0fjRGQ2CZPmgWZEnyz8zL-pSBAbMaEvgIvg4AVUbUO8AoAFkMPXTwLQ9tAkVzBDUOwsh5c4MKA433AzTsdjHanARaBru0mulRFqSX;40;Bokep Indo
5;Bokep Abg Sange Dientot Bule;Bokep Abg Sange Dientot Bule;https://bokepcrot.today/wp-content/uploads/2022/06/Abg-Sange-Dientot-Bule-BokepCrot-Situs-Nonton-Video-Bokep-Indo-Asia-Barat-Jepang-Film-Semi-scaled.jpg;https://www.blogger.com/video.g?token=AD6v5dxga7anpAuUgaI3XgWbuC3dHFsfhg0Qt-6kbFhbXk7e0S9GLSbfXyhmVd-dnHMEA_RzjYhWSJLdPTZLDMaGMd7vCwu7isq_J9Y3twAnA1OuGmEE386vRvCekjV01OUaDwepKc5F;611;Bokep Asia
6;Bokep Abg Viral Live Ngentot;Bokep Abg Viral Live Ngentot;https://bokepcrot.today/wp-content/uploads/2022/06/Abg-Viral-Live-Ngentot-bokepcrot-Situs-Nonton-Video-Bokep-Indo-Asia-Barat-Jepang-Film-Semi-scaled.jpg;https://www.blogger.com/video.g?token=AD6v5dzE7w2rQFKm8_6OENB5T2BzLK8hLG07PUI63WLHe0yiLNEoQTbNz6QxOv0EKILvr7VMdVWCMHhTObmOGOiEN1KCsnNqyFerPXNd0IK5L6kOjEI1K7srRHiR0vWFZu7q5nJhssE;70;Bokep Indo
7;Bokep Adek Nungging Bikin Sange;Bokep Adek Nungging Bikin Sange;https://bokepcrot.today/wp-content/uploads/2022/06/Adek-Nungging-Bikin-Sange-BokepCrot-Situs-Nonton-Video-Bokep-Indo-Asia-Barat-Jepang-Film-Semi-scaled.jpg;https://www.blogger.com/video.g?token=AD6v5dxV-vlxYwJC7gA77pRQyS0JRa7_klS90wPBhvLWzjfePc7D005LzUnm525erqbHsgZPrQo1WJ89Cp4DeJ7okkAZvV81w9aE9kvKLDjJh1MGNk8k3FVMbVpfrStyNCJRKN4U2eIr;625;Bokep Barat
8;Bokep Adek Senam Abang Nafsu;Bokep Adek Senam Abang Nafsu;https://bokepcrot.today/wp-content/uploads/2022/06/Adek-Senam-Abang-Nafsu-bokepcrot-Situs-Nonton-Video-Bokep-Indo-Asia-Barat-Jepang-Film-Semi-scaled.jpg;https://www.blogger.com/video.g?token=AD6v5dzsw8Ur-MyJPJVIIDxaY4YV40LGRbkKwkhO-gF9DbhXTmsaIvjwV0W3RxTMMlYtwTnSzkHQIaKQg389xHy0yy1gA16pG3hgNcRX_zPdazLBRftn6e6t7h5FJGKqvGMJQiCPeuI;717;Bokep Barat
9;Bokep Adik Sepupu Bikin Sange;Bokep Adik Sepupu Bikin Sange;https://bokepcrot.today/wp-content/uploads/2022/06/Adik-Sepupu-Bikin-Sange-bokepcrot-Situs-Nonton-Video-Bokep-Indo-Asia-Barat-Jepang-Film-Semi-scaled.jpg;https://www.blogger.com/video.g?token=AD6v5dxWDCaKu4oNBrFEIbCmhbMIgpQ3ryE8fHpuFmcaWUBnoWjPG-nJ6c1lQBOAC95tFgczl2sguekySmOb2sYwGN8RG88hKD7C59DKBbE1DNJ95WiNxiHv4XH3EOtANB10PEPW0_4;1494;Bokep Indo
10;Bokep Anak SMA Pamer Toket;Bokep Anak SMA Pamer Toket;https://bokepcrot.today/wp-content/uploads/2022/06/Anak-SMA-Pamer-Toket-BokepCrot-Situs-Nonton-Video-Bokep-Indo-Asia-Barat-Jepang-Film-Semi-scaled.jpg;https://www.blogger.com/video.g?token=AD6v5dy2DT3qh4KfVRlGgyI4iomqGRzNig2t4o6hgsPKSoqasShT5Htybc3_WRGt9sotrdZkc6UvZ7ERz_nTB3hlHprSwcpGGV42okDxtlnDixqFyNXGiK3K66wquSg3s59IUbnmthoT;120;Bokep Indo
11;Bokep Anniversary 1th TukTuk Patrol;Bokep Anniversary 1th TukTuk Patrol;https://bokepcrot.today/wp-content/uploads/2022/05/Anniversary-1th-TukTuk-Patrol-bokepcrot-Situs-Nonton-Video-Bokep-Indo-Asia-Barat-Jepang-Film-Semi-scaled.jpg;https://www.blogger.com/video.g?token=AD6v5dzj3zfXsAHIW2W8i0r5SMpei7RL7I3ANOW-UWKciVPWBDdB_YsaB3DVY7H2qHRovV_Cr3sm_1MoubOjzlnijCP7hWXW7PYlsz9lIU1Ho1cuXUZFO9-8Xl_5jp6p4taMIpyFo7I;195;Bokep Asia
12;Bokep Asian Sex Diary Jakarta;Bokep Asian Sex Diary Jakarta;https://bokepcrot.today/wp-content/uploads/2022/05/Asian-Diary-Jakarta-BokepCrot-Situs-Nonton-Video-Bokep-Indo-Asia-Barat-Jepang-Film-Semi-scaled.jpg;https://www.blogger.com/video.g?token=AD6v5dzRU9ufqW6UQdA3cE2eSy487ewNJPhMnGyLxGkHenkAXmN4C9O611nHszapr6QGP8vGrT8Gc-Dtc3CgROCmPvQHO1wj_TAy7UWWRjLHFVpGg2SqtlOb8vg3wRxns7DlijueulPY;720;Bokep Indo
13;Bokep Ayah Tiri Mesum;Bokep Ayah Tiri Mesum;https://bokepcrot.today/wp-content/uploads/2022/06/Bokep-Ayah-Tiri-Mesum-bokepcrot-Situs-Nonton-Video-Bokep-Indo-Asia-Barat-Jepang-Film-Semi-scaled.jpg;https://www.blogger.com/video.g?token=AD6v5dxpE638PWY6YqLx8D1_-glsZMm4CJX7aQ3gz_OPfwKIrwN-NB3bMdFL8PnvOYmQ4ticNgCf0J-cg5XdynPyc-syTz70_2Y5qI1aWEVceHIazFUldbjevHEH9BH8o3sDGnPh-fI;687;Bokep Barat
14;Bokep Baru Colok Langsung Crot;Bokep Baru Colok Langsung Crot;https://bokepcrot.today/wp-content/uploads/2022/06/Baru-Colok-Langsung-Crot-BokepCrot-Situs-Nonton-Video-Bokep-Indo-Asia-Barat-Jepang-Film-Semi-scaled.jpg;https://www.blogger.com/video.g?token=AD6v5dwwzmGUVTbo_mRPAAACD4RJJ3P38FWowBO_Zbg-gzDcbLTQrF49fRz_2TAtaxlCFoiTVSIo8-wCZMRNBChxJX_o9k_nW4g4rg_nJYLDoIREbb1JB838CIW3UA3VSDIiOpJhdcw;153;Bokep Asia
15;Bokep Cekin Hotel Crot Dalam;Bokep Cekin Hotel Crot Dalam;https://bokepcrot.today/wp-content/uploads/2022/05/Cekin-Hotel-Crot-Dalam-BokepCrot-Situs-Nonton-Video-Bokep-Indo-Asia-Barat-Jepang-Film-Semi-scaled.jpg;https://www.blogger.com/video.g?token=AD6v5dxciDxREzo8OatlMw2sYeIDEThrRzFJ6Y2nhFNWjzOcKeFh9Jb-wenRfInKz0f9Y49z-qDlHngDEAEhhcBVu8ZHy2cp68jCmHHrFLbr9U6oRfpzOGU1AeVkWU--PA5ZmTPs5ck;280;Bokep Indo
16;Bokep Cekin Hotel Crot Didalam;Bokep Cekin Hotel Crot Didalam;https://bokepcrot.today/wp-content/uploads/2022/06/Cekin-Hotel-Crot-Didalam-BokepCrot-Situs-Nonton-Video-Bokep-Indo-Asia-Barat-Jepang-Film-Semi-scaled.jpg;https://www.blogger.com/video.g?token=AD6v5dwYf6wz4kMUcMWBdRyUpN0aLJHFxQTRpq8BBNtx9d1vd1v8eAoZ3Fu3J3sDf3NrbLuX_mFC4nYueNdyfWUybio2AflNZJW7uD_FSVmK8nC4AWLHBjnn3qmZmQu4PQn37MYVIUGg;588;Bokep Indo
17;Bokep Cewek Cantik Sange Ngeganja;Bokep Cewek Cantik Sange Ngeganja;https://bokepcrot.today/wp-content/uploads/2022/06/Cewek-Cantik-Sange-Ngeganja-BokepCrot-Situs-Nonton-Video-Bokep-Indo-Asia-Barat-Jepang-Film-Semi-scaled.jpg;https://www.blogger.com/video.g?token=AD6v5dxi1z13PaPpQXWQ0hii5AVwIV36-4o1tdzuhrrRePpDqhgIoe_TGbwy9Bg6G0y3KzunG6pTw0hbayXW798RAAO8Aos81ZpReCQuy9qh46yc1gAY9FEHN7kvcS9xXoWZiCFI4Ro;1097;Bokep Indo
18;Bokep Cewek Crot Keenakan Dientot;Bokep Cewek Crot Keenakan Dientot;https://bokepcrot.today/wp-content/uploads/2022/06/Cewek-Crot-Keenakan-Dientot-Cewek-Cantik-Main-Dildo-BokepCrot-Situs-Nonton-Video-Bokep-Indo-Asia-Barat-Jepang-Film-Semi-scaled.jpg;https://www.blogger.com/video.g?token=AD6v5dxnduymGdgA-E9cNyNUxrAgaOJTduPtpdLC1VSTqOE4FlwvREZSyYZ4PyjtyUh4ySLuYyYt_KV__hppd-11Sc2q7sNYe3HdQl-kfBzO252AU_sALpo2jA2KaUXaw1xq-SHVDF0;623;Bokep Asia
19;Bokep Cewek Sange Vcs Colmek;Bokep Cewek Sange Vcs Colmek;https://bokepcrot.today/wp-content/uploads/2022/06/Cewek-Sange-Vcs-Colmek-bokepcrot-Situs-Nonton-Video-Bokep-Indo-Asia-Barat-Jepang-Film-Semi-scaled.jpg;https://www.blogger.com/video.g?token=AD6v5dzePHPhZLPjmcGcd_m8DpDbmp_7ih2-rNllo1VZFiOa-D3gofVAIWWwyQOq0i5FgXrIQM22CKVLvLn2_qzbZUGogl-4SPp5sVn2nJ0lC-X-_5gxnIh1x-hBZGpycwgFXWOoxLc;140;Bokep Indo
20;Bokep Ceweknya Udah Crot Lemes;Bokep Ceweknya Udah Crot Lemes;https://bokepcrot.today/wp-content/uploads/2022/06/Ceweknya-Udah-Crot-Lemes-BokepCrot-Situs-Nonton-Video-Bokep-Indo-Asia-Barat-Jepang-Film-Semi-scaled.jpg;https://www.blogger.com/video.g?token=AD6v5dxpHmGPTosCpOYxsFgqKS2Daz7jnLStAWkB_MhzkuEKtTLP7dPFu-Kf_Tfk1lOmkx85FDwp6tBMadoY5GIJ_Ie9sLxiyExQUyRGFqRmCC9LgpGJUldYzsZ-R4Zoh7MtlmY1miy1;736;Bokep Jepang
21;Bokep China Cewek Cantik;Bokep China Cewek Cantik;https://bokepcrot.today/wp-content/uploads/2022/05/Bokep-China-Cewek-Cantik-bokepcrot-Situs-Nonton-Video-Bokep-Indo-Asia-Barat-Jepang-Film-Semi-scaled.jpg;https://www.blogger.com/video.g?token=AD6v5dxBQhSK_09w6hiGuCp5xzLeamaPdX8q4MScK0OF5YKrtmxFj0MuP_nWpVNC9Mo19zP_elRC_rFD8MMT1e-iT1lXB0_B76dMLo18R8e9M_Sb6Pk1U2kpwpIaLq5jSZEUlV9OIpU;92;Bokep Asia
22;Bokep Colmek Pakai Botol Saos;Bokep Colmek Pakai Botol Saos;https://bokepcrot.today/wp-content/uploads/2022/06/Colmek-Pakai-Botol-Saos-bokepcrot-Situs-Nonton-Video-Bokep-Indo-Asia-Barat-Jepang-Film-Semi-scaled.jpg;https://www.blogger.com/video.g?token=AD6v5dwjzwQrhtY7gXheA-7ycuWOdx5jxOtJ4maFibBxZ4JGcAxw23IZg6oJm928NKNU3MN0n2GRBjfmQG6OkmQfyubS7NxRhpkQHxcVQTkqxciEEQbe3DJjfj35LzPN5an4R0puz-k;480;Bokep Indo
23;Bokep Colmekin Jilbab Pakai Dildo;Bokep Colmekin Jilbab Pakai Dildo;https://bokepcrot.today/wp-content/uploads/2022/05/Colmekin-Jilbab-Pakai-Dildo-BokepCrot-Situs-Nonton-Video-Bokep-Indo-Asia-Barat-Jepang-Film-Semi-scaled.jpg;https://www.blogger.com/video.g?token=AD6v5dx8W4xqTErdTcB2Arzm-JMjBCjbMgcgJzwX2qQWa0aoeEZ-SxSYNxi4I1-gobp644K7-5bftYq3zOASf5TwSNhfSAtkrEwFdgY2KTyRt0OGd_f6GFU0nrcIA__BO8eI9xkRiCw;170;Bokep Indo
24;Bokep Crot Dalam Memek Sempit;Bokep Crot Dalam Memek Sempit;https://bokepcrot.today/wp-content/uploads/2022/06/Crot-Dalam-Memek-Sempit-bokepcrot-Situs-Nonton-Video-Bokep-Indo-Asia-Barat-Jepang-Film-Semi-scaled.jpg;https://www.blogger.com/video.g?token=AD6v5dxLVAP0mCKemkdPJlftFA_Vh8BHEQ40zF6uRTfrXBVEWptSw-m59dd2YGF_8PIbqnfdaBHfmPq99asxxlKjq8hOwo5JHsBcXNLFCicJBlAH-gHBI2ITulmu9s3azeO7mZw6an5F;212;Bokep Indo
25;Bokep Crot Di Memek Adik Tidur;Bokep Crot Di Memek Adik Tidur;https://bokepcrot.today/wp-content/uploads/2022/06/Crot-Di-Memek-Adik-Tidur-bokepcrot-Situs-Nonton-Video-Bokep-Indo-Asia-Barat-Jepang-Film-Semi-scaled.jpg;https://www.blogger.com/video.g?token=AD6v5dxsDv2wioGq7kVJeGXAe46E9YLFCtRJsbD9fEQqVrsJp1NnUB7gciSp6WEsjNAGGqa2afoV3vlSZbfgWtinLbblUd6r_XJyvo47gyyeRps6bIFrCQMsbgPPa_JFKlkbpfCV6bQ;70;Bokep Indo
26;Bokep Crot Didalam Memek Pacar;Bokep Crot Didalam Memek Pacar;https://bokepcrot.today/wp-content/uploads/2022/05/Crot-Didalam-Memek-Pacar-bokepcrot-Situs-Nonton-Video-Bokep-Indo-Asia-Barat-Jepang-Film-Semi-scaled.jpg;https://www.blogger.com/video.g?token=AD6v5dzzX9bPubnk-ln4gF-9JZDX-oh9z1IuZySwqzJzOB-WKomoUfRRFONOcrJ1WgJQVjHk3c0frcCIDRw40mLtQCDpswse8hatAwoW38-FINLPRyrv2mQZjakS0111DdziaKwTaeg;257;Bokep Asia
27;Bokep Diinjak Kepalanya Jilbonddevita;Bokep Diinjak Kepalanya Jilbonddevita;https://bokepcrot.today/wp-content/uploads/2022/05/Bokep-Diinjak-Kepalanya-Jilbonddevita-BokepCrot-Situs-Nonton-Video-Bokep-Indo-Asia-Barat-Jepang-Film-Semi-scaled.jpg;https://www.blogger.com/video.g?token=AD6v5dxscnnt3XiIaokHxrXQb3Uw2IQxO94gJmgWp_8lroUwixwU7Iig_TwQXGDoMyagHU20Y1A3G26r-bUJI1M61jPwXUs-6nW1kU2EyX7ZyAUF_dJhPwFs30PD0DD5yflXkCktGrnh;300;Bokep Indo
28;Bokep Dikocokin Pacar Sampe Crot;Bokep Dikocokin Pacar Sampe Crot;https://bokepcrot.today/wp-content/uploads/2022/06/Dikocokin-Pacar-Sampe-Crot-bokepcrot-Situs-Nonton-Video-Bokep-Indo-Asia-Barat-Jepang-Film-Semi-scaled.jpg;https://www.blogger.com/video.g?token=AD6v5dxKAnawEQF2iquLkk9M6L7bUEWp1iPUi-Nj8hwuSRdwJEv4mcnE0rFp3xtWRCI7OS26Mgh7k4leJIGmcG391RdYbOFgBaa2ufD7GhN0AhhjDjVY55PCp2EyaDBCjOvW-LU0z14;113;Bokep Asia
29;Bokep Disepongin Pacar Crot Dimulut;Bokep Disepongin Pacar Crot Dimulut;https://bokepcrot.today/wp-content/uploads/2022/05/Disepongin-Pacar-Crot-Dimulut-BokepCrot-Situs-Nonton-Video-Bokep-Indo-Asia-Barat-Jepang-Film-Semi-scaled.jpg;https://www.blogger.com/video.g?token=AD6v5dyUQMI_WNH1ukSxvZRRyD7Wh4a3TBfelRkiuciaCJ1xXqgm___yfTiMtXsqO8SG1HHbo6ynPUHuvvTxYpYPUZvQ_HPIN61eN3blVFdJj0mjXykhvadKfUQc6FnwKVU9bl5BEw;1105;Bokep Indo
30;Bokep Film Semi Korea;Bokep Film Semi Korea;https://bokepcrot.today/wp-content/uploads/2022/06/Bokep-Film-Semi-Korea-bokepcrot-Situs-Nonton-Video-Bokep-Indo-Asia-Barat-Jepang-Film-Semi-scaled.jpg;https://www.blogger.com/video.g?token=AD6v5dwYrjid2VaInfkCWIhWFJGXUHZ9RJo3gd0Wbo_y7tTVyohpiQ_ecf7Ezaf3ZB2RozQwSVoxAmE597ZEq9ddx7DjJBT-qtm8U1BZT6ELK5v-tlIw8N0T1pfILSQfmUX4Bz9E5wr5;850;Bokep Asia
31;Bokep Gadis SMP Pap Tetek;Bokep Gadis SMP Pap Tetek;https://bokepcrot.today/wp-content/uploads/2022/06/Gadis-SMP-Pap-Tetek-bokepcrot-Situs-Nonton-Video-Bokep-Indo-Asia-Barat-Jepang-Film-Semi-scaled.jpg;https://www.blogger.com/video.g?token=AD6v5dwISlmLNvf9qNWpqQIlzsxnMsh31LrAxSjvOc8yUnPDlCkJ8JhcUBXD3Lsrmz_BBM8dHyieSKLzumnboSJQ7daRoUlSdF2XDn27HWdVdx5nN8bS_vRI_9I0_jTgFoB7RBeZFCn3;140;Bokep Indo
32;Bokep Gatahan Liat Kontol Cenggur;Bokep Gatahan Liat Kontol Cenggur;https://bokepcrot.today/wp-content/uploads/2022/06/Gatahan-Liat-Kontol-Cenggur-bokepcrot-Situs-Nonton-Video-Bokep-Indo-Asia-Barat-Jepang-Film-Semi-scaled.jpg;https://www.blogger.com/video.g?token=AD6v5dyFW6p4LCnQpdyye4YC5eSuti13nCVs81Oz8CD5Hh49vIg1jazvt10G5RwKBaeXQIy6R6yeYLf_2G51km4tO00iOcQ5LM1BuXjD2xi7qNeZJCWth_-LRiGwit7fPvc--xn4mRo;460;Bokep Barat
33;Bokep Hijab Colmek Pakai Botol;Bokep Hijab Colmek Pakai Botol;https://bokepcrot.today/wp-content/uploads/2022/05/Hijab-Colmek-Pakai-Botol-BokepCrot-Situs-Nonton-Video-Bokep-Indo-Asia-Barat-Jepang-Film-Semi-scaled.jpg;https://www.blogger.com/video.g?token=AD6v5dzXCu4b4w5qQwCOs3HrPuUeSd0TvfKQe4crEVdt5yFDELa93Udm_HjRc6fL4M7OYZqCugwIvu2b4UCpIMyOiyMiurw2y_nWln-1h7rPX_-I4DJRkQBxa7MgzjSqD98bGcv-lv4F;252;Bokep Indo
34;Bokep Hijab Putih Toge Live;Bokep Hijab Putih Toge Live;https://bokepcrot.today/wp-content/uploads/2022/05/Hijab-Putih-Toge-Live-BokepCrot-Situs-Nonton-Video-Bokep-Indo-Asia-Barat-Jepang-Film-Semi-scaled.jpg;https://www.blogger.com/video.g?token=AD6v5dz5q0wOWGP5CUFT0jCeBc0OjO2R6YlIQ0yAQIioyBN8iXAzqbu2ZWF_EGrTRX8fm-V3Kq-c-1Fj1MxcOcB_Lx8zbVUYQ1noXc9Rn6-SGxrJqN_0u0hCquY2GhmUEHmRdzVRJKLY;139;Bokep Indo
35;Bokep Indo Cewek Cantik Main Dildo;Bokep Indo Cewek Cantik Main Dildo;https://bokepcrot.today/wp-content/uploads/2022/05/Cewek-Cantik-Main-Dildo-BokepCrot-Situs-Nonton-Video-Bokep-Indo-Asia-Barat-Jepang-Film-Semi-scaled.jpg;https://www.blogger.com/video.g?token=AD6v5dxWYv7yKqbv7f_OHsNrhluyVLcA8asBdEJapA0n_6m8r7wX-YsjGFoNzZfivHfrSGhjKcNlq0lsJ4T48Qy1jVDKrJF_Av5jnHRjVsyvLQn972uLM4MlgHR8iV10sGs74D_-4siZ;140;Bokep Indo
36;Bokep Indo Cewek Cosplay Puting Pink;Bokep Indo Cewek Cosplay Puting Pink;https://bokepcrot.today/wp-content/uploads/2022/06/Cewek-Cosplay-Puting-Pink-BokepCrot-Situs-Nonton-Video-Bokep-Indo-Asia-Barat-Jepang-Film-Semi-scaled.jpg;https://www.blogger.com/video.g?token=AD6v5dwzYqSZGNP8nzT39dQJeg5Iv7RWmkYdUx1rMxeWvu-dFhY6_6iImy3A635f8zGzJEiHQGoxFDij_yVwiWu01ojV5iV36bmE3odwWtJm30IQm12eqWqFJ5EbvhBJa5d_GkZiDMA;350;Bokep Barat
37;Bokep Indo Vcs Colmek;Bokep Indo Vcs Colmek;https://bokepcrot.today/wp-content/uploads/2022/06/Bokep-Indo-Vcs-Colmek-BokepCrot-Situs-Nonton-Video-Bokep-Indo-Asia-Barat-Jepang-Film-Semi-scaled.jpg;https://www.blogger.com/video.g?token=AD6v5dyCFQBr7eFtGuLMV0I2AaSMqE5F4DbSHnOoy_cI6mrW8YK0ihMLNt0GffpiDgdgLTudWcZYfhiM4Yi33BGklj0ugnf6WGOpE9Pt74wXUv5ucdzEYFVCVNxI35076TO5IlB0_3M;251;Bokep Indo
38;Bokep Jepang Doyan Telan Sperma;Bokep Jepang Doyan Telan Sperma;https://bokepcrot.today/wp-content/uploads/2022/06/Jepang-Doyan-Telan-Sperma-BokepCrot-Situs-Nonton-Video-Bokep-Indo-Asia-Barat-Jepang-Film-Semi-scaled.jpg;https://www.blogger.com/video.g?token=AD6v5dyzlMlDhppXZtQeYryvbJCHtnwfKsdpmUzRiIYWp5zH3mizNkcKiQmZu807Mjd9fZ7yUUFjQGjQyHEmnrSUOXwjlEjxh-h5K4P98cgG10V_70bdt54rmL7v8bsNaWoH5waj-i8;1871;Bokep Jepang
39;Bokep Jepang No Sensor;Bokep Jepang No Sensor;https://bokepcrot.today/wp-content/uploads/2022/06/Bokep-Jepang-No-Sensor-bokepcrot-Situs-Nonton-Video-Bokep-Indo-Asia-Barat-Jepang-Film-Semi-scaled.jpg;https://www.blogger.com/video.g?token=AD6v5dxpYwuCyVig_d7GJSM8fc7rfZiKfgt28Wd31965Z-icVuXs4UOCuWGtwmpkbGsUOu_TvF1i0pRNQNHgEpOp-jjC5IxYjjjfHG2gINH73f-q2IXc5gB3nbRhi2lSLq36MOsysEMN;300;Bokep Jepang
40;Bokep Jilbab Ketahuan Mesum Dikebun;Bokep Jilbab Ketahuan Mesum Dikebun;https://bokepcrot.today/wp-content/uploads/2022/05/Jilbab-Ketahuan-Mesum-Dikebun-bokepcrot-Situs-Nonton-Video-Bokep-Indo-Asia-Barat-Jepang-Film-Semi-scaled.jpg;https://www.blogger.com/video.g?token=AD6v5dy6phFPUWKs8rX370m2mYii-sY3R_mAh4GzdGNr6GtYR_SLNhjg3OEJvDFM7Y_7wBZEDe0SVs5sZ_kcxvU40VsMwxU8q-zMujlk_zzQCFshVoGQRWqG59ukmTgtwRVuI8E1_J8;45;Bokep Indo
41;Bokep Jordi Threesome Ebony MILF;Bokep Jordi Threesome Ebony MILF;https://bokepcrot.today/wp-content/uploads/2022/05/Jordi-Threesome-Ebony-MILF-BokepCrot-Situs-Nonton-Video-Bokep-Indo-Asia-Barat-Jepang-Film-Semi-scaled.jpg;https://www.blogger.com/video.g?token=AD6v5dwL2tgleCskbZwE9imY3qXaXP-m_MryRwM0imxqsx5mVuPsZQ8SQqwemLDEpIYVIx4XGMd_qMYQ7ir0x5glmAo6DrcoXaQ6ID4zhMePDSKvNrK1IdWS2FfwkMurW2ByzxIREPU;480;Bokep Barat
42;Bokep Kenangan Bersama Mantan;Bokep Kenangan Bersama Mantan;https://bokepcrot.today/wp-content/uploads/2022/05/Bokep-Kenangan-Bersama-Mantan-bokepcrot-Situs-Nonton-Video-Bokep-Indo-Asia-Barat-Jepang-Film-Semi-scaled.jpg;https://www.blogger.com/video.g?token=AD6v5dwk7wBgalyu_coK5T_M3BMqv-Ccjnxcz5FLlSoaeGNB49RhjwisQoUyZWnCmOhd2p849bUQKh3YeaL8RnVGI64YtcOFGtpqSysylE9bu_TSadD1gtEBL6DoS9ehjKOgvLFvHUc;596;Bokep Indo
43;Bokep Ketahuan Nonton Bokep Diajak Ngentot;Bokep Ketahuan Nonton Bokep Diajak Ngentot;https://bokepcrot.today/wp-content/uploads/2022/06/Ketauan-Ngebokep-Diajak-Ngentot-BokepCrot-Situs-Nonton-Video-Bokep-Indo-Asia-Barat-Jepang-Film-Semi-scaled.jpg;https://www.blogger.com/video.g?token=AD6v5dzDTHolWO1vofjmXLzWqeHGaPtXbFk2_OCCNcuTqh6xBfJySp4tnbhAX1PshymIO81OeB0ZcJ5XOM7HMrMOTmydEDvphkJ8Ks69kmUCv8yNFdVdu0Mo6xnDi_h3n1iJbOl5vFY;411;Bokep Asia
44;Bokep Kocok Dibalas Colmek;Bokep Kocok Dibalas Colmek;https://bokepcrot.today/wp-content/uploads/2022/06/Bokep-Kocok-Dibalas-Colmek-BokepCrot-Situs-Nonton-Video-Bokep-Indo-Asia-Barat-Jepang-Film-Semi-scaled.jpg;https://www.blogger.com/video.g?token=AD6v5dw16H92vaaHjSGZFZy7JLQU0MqJtVOncacd4Tgw2mspWi3epSyfAacU-wdcY7nTVp8Bg9JeFDsVbchM3J6DbnEXs9Z63A3I43Kr1Zq0hfuxgXD_fndzw_4lPpGU171Xlg1v1YNt;330;Bokep Indo
45;Bokep Kontol Bule Bikin Puas;Bokep Kontol Bule Bikin Puas;https://bokepcrot.today/wp-content/uploads/2022/06/Kontol-Bule-Bikin-Puas-BokepCrot-Situs-Nonton-Video-Bokep-Indo-Asia-Barat-Jepang-Film-Semi-scaled.jpg;https://www.blogger.com/video.g?token=AD6v5dyVVU5qdjpVuML0u5oWX2qp3tzhgksj8urNt34JwYiYSaRBr7jM86OFvmkq4OEhE3gLZwdYUKzTgR_gPcxtxrOOYkuk3bLNWO-nG6CJnZoR9-uGmo0q7ISf6LQ4cXphxeXAiXc;150;Bokep Indo
46;Bokep Lepas Tangan Cewek Sange;Bokep Lepas Tangan Cewek Sange;https://bokepcrot.today/wp-content/uploads/2022/06/Lepas-Tangan-Cewek-Sange-BokepCrot-Situs-Nonton-Video-Bokep-Indo-Asia-Barat-Jepang-Film-Semi-scaled.jpg;https://www.blogger.com/video.g?token=AD6v5dxL5ZymySUOe2K1SlihEe7pDwoLJiAF9jeZlJ248d-hYGFrKtlTPAWY0LPuYGWpGPEiviNVmxYbBsG0UDCCWRH5cSHkomJBml0sE6bzNFY3swJxgGpvo3d9I14yEl5Ct_rRw_q6;278;Bokep Indo
47;Bokep Live Bugil Di Mobil;Bokep Live Bugil Di Mobil;https://bokepcrot.today/wp-content/uploads/2022/06/Live-Bugil-Di-Mobil-BokepCrot-Situs-Nonton-Video-Bokep-Indo-Asia-Barat-Jepang-Film-Semi-scaled.jpg;https://www.blogger.com/video.g?token=AD6v5dxXy_PlbM4bWB8Xq6cQs8bFNaQaM9z9uCBlA7pHn1q926EPiE9Gxf6Xhh3MssODENo9YjvQnQ8dlPZIwy82ixmXQ5VA3LjHpZgqLj6j0fbCP0WAWxPUHKHa0F_sCl8p5dgBfW0;411;Bokep Indo
48;Bokep Live Cewek Cantik Colmek;Bokep Live Cewek Cantik Colmek;https://bokepcrot.today/wp-content/uploads/2022/05/Live-Cewek-Cantik-Colmek-BokepCrot-Situs-Nonton-Video-Bokep-Indo-Asia-Barat-Jepang-Film-Semi-scaled.jpg;https://www.blogger.com/video.g?token=AD6v5dw8gHeGK0voFBamkESZATO7IDIUrd6N4MV-r0ISfTb2vIlhq7cmgUN9Ss1PZyOuUMIdAxU161mnMQfAUYh6bYiHt4Tv6ztmMzni6clbXMH7hqC2NM5U7cdPwyJNObYlbiJ4530;102;Bokep Asia
49;Bokep Live Cewek Cantik Horny;Bokep Live Cewek Cantik Horny;https://bokepcrot.today/wp-content/uploads/2022/06/Live-Cewek-Cantik-Horny-bokepcrot-Situs-Nonton-Video-Bokep-Indo-Asia-Barat-Jepang-Film-Semi-scaled.jpg;https://www.blogger.com/video.g?token=AD6v5dzBvmV3rXk3edHqfQJkCp1ogKYPgwAj_BqQwRTk1nUYJCi6gU-nWpQKqYOWaaqerY5y80-EScG68cSUTp7BTJ27tziLaLouu_HaZguKYdaNgmK4-VkYLmrbYd3tLqak5Iqo430w;109;Bokep Asia
50;Bokep Live Cewek Cantik Korea;Bokep Live Cewek Cantik Korea;https://bokepcrot.today/wp-content/uploads/2022/05/Live-Cewek-Cantik-Korea-bokepcrot-Situs-Nonton-Video-Bokep-Indo-Asia-Barat-Jepang-Film-Semi-scaled.jpg;https://www.blogger.com/video.g?token=AD6v5dx3iReNIGVf7Gn2lJIFFP25M1j88osubM3UM3-dcTygUyjm_HmXwi_7ddDpPEllM5o_IW8eKhpKtTnR94Usl9JCh2zLKDnWdaU2HI9EX6M50DZ4Hq0nOXCfmDvt6LthhqmhmME;1179;Bokep Asia
51;Bokep Live Cewek Thailand Sange;Bokep Live Cewek Thailand Sange;https://bokepcrot.today/wp-content/uploads/2022/06/Live-Cewek-Thailand-Sange-bokepcrot-Situs-Nonton-Video-Bokep-Indo-Asia-Barat-Jepang-Film-Semi-scaled.jpg;https://www.blogger.com/video.g?token=AD6v5dyfyzQZE8_sHcnqNMhPlNhVHLkfCiuG032LL_g4fsW4XZSgBliQjIRdI-ICM-VXsg8j13kUhxeUB-ApNqCCalF2zgQroyeGLDcafM-vDwWjbyaCAHqiz25dwmRpYZJlvXD8etQ;2068;Bokep Asia
52;Bokep Live Memek Hisap Rokok;Bokep Live Memek Hisap Rokok;https://bokepcrot.today/wp-content/uploads/2022/05/Live-Memek-Hisap-Rokok-BokepCrot-Situs-Nonton-Video-Bokep-Indo-Asia-Barat-Jepang-Film-Semi-scaled.jpg;https://www.blogger.com/video.g?token=AD6v5dw_W0KUbKQqDOgF_ZRkPz0gpw89GvnaZeWZiiOAZ3h6_sRlXktf48QgACa8HRrUB2L0Vi0iGzhTRqjeN8zOP3xSg5urDgUcSbbOyHWOj02SdIPEVupV627d5ezV0CbA0mQ59Uo;60;Bokep Asia
53;Bokep Mandi Bareng Pemandu Karoke;Bokep Mandi Bareng Pemandu Karoke;https://bokepcrot.today/wp-content/uploads/2022/06/Mandi-Bareng-Pemandu-Karoke-bokepcrot-Situs-Nonton-Video-Bokep-Indo-Asia-Barat-Jepang-Film-Semi-scaled.jpg;https://www.blogger.com/video.g?token=AD6v5dykv8rYPSxYvPRz3UVYUEGLnarSi6gRJoGa7oAVB1zMSlqxdTbXMSXaph0mHZLDe46DDqYOpL4C-ia9DRBLBNVIUOcKL0Izkt_wrMbF9n8JrhEG911LDxp6T4z_STQCX057ITM;373;Bokep Indo
54;Bokep Memek Sempit Pelajar Jepang;Bokep Memek Sempit Pelajar Jepang;https://bokepcrot.today/wp-content/uploads/2022/06/Memek-Sempit-Pelajar-Jepang-BokepCrot-Situs-Nonton-Video-Bokep-Indo-Asia-Barat-Jepang-Film-Semi-scaled.jpg;https://www.blogger.com/video.g?token=AD6v5dwn60qRuZDKnbqiokn5AaZ_1gGnIgABeS09R-K7WKMNFxFEgTtE7CvbDKvt1JlsDqeTMq5DuOQJrLhApLkg5rTrbrqHEsgJm7CEiDpZjAOM042DsBAZ3ygFR5QoZ7qwzyl0l-k;808;Bokep Jepang
55;Bokep Memeknya Nyedot Bikin Crot;Bokep Memeknya Nyedot Bikin Crot;https://bokepcrot.today/wp-content/uploads/2022/06/Memeknya-Nyedot-Bikin-Crot-BokepCrot-Situs-Nonton-Video-Bokep-Indo-Asia-Barat-Jepang-Film-Semi-scaled.jpg;https://www.blogger.com/video.g?token=AD6v5dw387uNETMuh5s-QVpQmc3pY-I4hDpQMwRrpGOZqO2AljhAG5R0VnJwvFoT2ncrnJwMjQdKay_6KTCuXuLqbSIfRHBGYnKqGWxj_u6d31qEwTsLTefFdKibG8NEcMj7gSdkzHA;322;Bokep Asia
56;Bokep Minta Crot Bareng Didalam;Bokep Minta Crot Bareng Didalam;https://bokepcrot.today/wp-content/uploads/2022/06/Minta-Crot-Bareng-Didalam-bokepcrot-Situs-Nonton-Video-Bokep-Indo-Asia-Barat-Jepang-Film-Semi-scaled.jpg;https://www.blogger.com/video.g?token=AD6v5dyhazn_dlUk769Abt72LW8rFALl7iFjFztmK89BhgYREwyzJnthBciUQjPJQZGNSuqt9Jh-1qXIwHuX8pqBE7hOkXrQRgXArgMDGGAlHhBgwzYx4s3A1UEotitjJryLxvQvka4;300;Bokep Jepang
57;Bokep Mukenah Sange Main Dildo;Bokep Mukenah Sange Main Dildo;https://bokepcrot.today/wp-content/uploads/2022/05/Mukenah-Sange-Main-Dildo-BokepCrot-Situs-Nonton-Video-Bokep-Indo-Asia-Barat-Jepang-Film-Semi-scaled.jpg;https://www.blogger.com/video.g?token=AD6v5dwK6a10kNUOB2C91LPPAqla3Yo8-gWsFrc6DlLaodar1t4P_L6RqV84DTmWIRvhRgo5LxM9lFbrS_J0IpmskTSyxVApFDUQbm7rh0q1OYBmtjECl-rBIqS9oGR-ke6ysvFOAlUA;136;Bokep Indo
58;Bokep Nentot Cewek Berkacamata Nafsu;Bokep Nentot Cewek Berkacamata Nafsu;https://bokepcrot.today/wp-content/uploads/2022/05/Ngentot-Cewek-Berkacamata-Nafsu-BokepCrot-Situs-Nonton-Video-Bokep-Indo-Asia-Barat-Jepang-Film-Semi-scaled.jpg;https://www.blogger.com/video.g?token=AD6v5dw9G1nOLyeu4iDBEJjR8v_aOAInWsGI2nHXsOTOiUTXwca6-J5cXV_tvh9I5ubw20ux3aSj5qcWVVQvEdUM4AzSVMedmymVLD6Yu83nKGuSJW0nFoBgZDHuymx1CDlDFyTdwZFS;144;Bokep Indo
59;Bokep Ngentot Cewek Kurus Thailand;Bokep Ngentot Cewek Kurus Thailand;https://bokepcrot.today/wp-content/uploads/2022/06/Ngentot-Cewek-Kurus-Thailand-bokepcrot-Situs-Nonton-Video-Bokep-Indo-Asia-Barat-Jepang-Film-Semi-scaled.jpg;https://www.blogger.com/video.g?token=AD6v5dyn2cWRFFTAPZI4JnAgDj4g7AP0g-BO3CWAZuIqiTmxf3rIUZbRFJseM6duNcd47e_IKMrX6N-KgEtBbB3eQ8CxRsUJ7rsB-pPxAnXiJph4mcPlQuvj_SQC_y1HZx9mnSTX_eQ;555;Bokep Asia
60;Bokep Ngentot Di Balkon Rumah Kosong;Bokep Ngentot Di Balkon Rumah Kosong;https://bokepcrot.today/wp-content/uploads/2022/06/Ngentot-Di-Balkon-Rumah-Kosong-bokepcrot-Situs-Nonton-Video-Bokep-Indo-Asia-Barat-Jepang-Film-Semi-scaled.jpg;https://www.blogger.com/video.g?token=AD6v5dxO7Ll4myLan87pkk58mdC2jkCiFZ30Dehb1lh9W9aqdgo0JXvCf-3eNs_E5xnwdDfYFPKRD8MKZMyXYSy5_-udvAKVor0wsDY8RZIZRbK3HY6z2qIe1R0LEmjuPm4pAVO4248;159;Bokep Indo
61;Bokep Ngentot Di Depan Anak;Bokep Ngentot Di Depan Anak;https://bokepcrot.today/wp-content/uploads/2022/06/Ngentot-Di-Depan-Anak-bokepcrot-Situs-Nonton-Video-Bokep-Indo-Asia-Barat-Jepang-Film-Semi-scaled.jpg;https://www.blogger.com/video.g?token=AD6v5dxO1eDTMnn9YSBcl3paOz-AQqFbTvASCHqQKq2YxNtmsdm519SHF5_72ucivwO6L9Q2r0k_jfmFQFwjYUjqmPmO_JDWSc4G8UQiPveeruhKS66zHwkouXSDtQzqNpdQVLrCLpU;204;Bokep Indo
62;Bokep Ngentot Di Kursi Plastik;Bokep Ngentot Di Kursi Plastik;https://bokepcrot.today/wp-content/uploads/2022/06/Ngentot-Di-Kursi-Plastik-BokepCrot-Situs-Nonton-Video-Bokep-Indo-Asia-Barat-Jepang-Film-Semi-scaled.jpg;https://www.blogger.com/video.g?token=AD6v5dyWDQzRXqDDnMxuTrW2fffgz0lsrH1ztWL1hnXP4RqqBnywNsaTBHtepP2tRfkHxYvViQ7JcaeHYXG6UIcrezj89WoFMMbr0W8uBJewDcZrUWfUSJA57jrhpidaF_zZBkbDwGQ6;862;Bokep Indo
63;Bokep Ngentot Hijab Memek Basah;Bokep Ngentot Hijab Memek Basah;https://bokepcrot.today/wp-content/uploads/2022/05/Ngentot-Hijab-Memek-Basah-BokepCrot-Situs-Nonton-Video-Bokep-Indo-Asia-Barat-Jepang-Film-Semi-scaled.jpg;https://www.blogger.com/video.g?token=AD6v5dxTAenLNahvmR4QDOCi_eEWVujLRbfUSxK46456nA6GtIGL-8ev_acT9a4hLjix8qNT29DrwozrUBTRzqEnPcs47AMn-Btrbdu-fXx540YIw45pTYmnOc8Edwl7YIVtCBJgT48;146;Bokep Indo
64;Bokep Ngentot Pacar Cantik Sange;Bokep Ngentot Pacar Cantik Sange;https://bokepcrot.today/wp-content/uploads/2022/06/Ngentot-Pacar-Cantik-Sange-BokepCrot-Situs-Nonton-Video-Bokep-Indo-Asia-Barat-Jepang-Film-Semi-scaled.jpg;https://www.blogger.com/video.g?token=AD6v5dxYbgQ0mhLVipY6BkfhMMWRv36QV581z_dn2fgop5YTvTsQxJxGTHB-M2H-Z-IHu1pqTUt2bzanb0Kt2HsBy4DD9X2j0h7TedP40sk6aG0PecCkDrssVk7HYJjwjJ9JgWfkzto;140;Bokep Asia
65;Bokep Ngentot Pacar Di Gubuk;Bokep Ngentot Pacar Di Gubuk;https://bokepcrot.today/wp-content/uploads/2022/06/Ngentot-Pacar-Di-Gubuk-BokepCrot-Situs-Nonton-Video-Bokep-Indo-Asia-Barat-Jepang-Film-Semi-scaled.jpg;https://www.blogger.com/video.g?token=AD6v5dzRMc5saUSms32jbEVajT-UAsYLVjZdoTa_Y0GehghVfkaJJOOSQ9yCmV4IH8zMaigNp9WaaSuql-YyMkkaIMHnlFPMiVrUnWpnrgRGpovrW9432QJdjNLsJY-yG_R_cTrr___p;175;Bokep Indo
66;Bokep Ngentot Pacar Korea Sange;Bokep Ngentot Pacar Korea Sange;https://bokepcrot.today/wp-content/uploads/2022/05/Ngentot-Pacar-Korea-Sange-BokepCrot-Situs-Nonton-Video-Bokep-Indo-Asia-Barat-Jepang-Film-Semi-scaled.jpg;https://www.blogger.com/video.g?token=AD6v5dzZ5x7PBqEUfibRK2NkmydDuJS52G2iJaag___MIXmmA-UV5e4Sun5K7IVQqMJk6XDcS9MIGOL2CNlSeyvV5YuxJa-lQ3oGV6CCBz3aHTPCIH4ZMweVEsiF3i__pSWIxEOniGg;753;Bokep Indo
67;Bokep Ngentot Pacar Sampai Crot;Bokep Ngentot Pacar Sampai Crot;https://bokepcrot.today/wp-content/uploads/2022/05/Ngentot-Pacar-Sampai-Crot-BokepCrot-Situs-Nonton-Video-Bokep-Indo-Asia-Barat-Jepang-Film-Semi-scaled.jpg;https://www.blogger.com/video.g?token=AD6v5dwKcV8KKwf-C7esuyiJ9-Q8iuuql8UXg61n5ypo_fVPxV3DexNlAFpHQVxwif2RJhCZsBaJ7iF7NmMosoWELeVMyOJJEG7pUw8vdOoLk9MzrTqGXtR15jBLIydlm0uwPGpkz7U;681;Bokep Indo
68;Bokep Ngentot Perawan Bokep Barat;Bokep Ngentot Perawan Bokep Barat;https://bokepcrot.today/wp-content/uploads/2022/06/Ngentot-Perawan-Bokep-Barat-BokepCrot-Situs-Nonton-Video-Bokep-Indo-Asia-Barat-Jepang-Film-Semi-scaled.jpg;https://www.blogger.com/video.g?token=AD6v5dzurb_ezTh16qEFxgi_orLBqAu7VBITUaEL3ouHJbxu4ssejfTgMwTcQDY8VlmDwOl9NA2ovBZuIAVzpm37zkzdFfWolu_RE3l1fy_eRH0VLsdhCeLZV4ZZrU1CvtaxTPZQ0EUi;315;Bokep Barat
69;Bokep Ngentot Sambil Telpon Mendesah;Bokep Ngentot Sambil Telpon Mendesah;https://bokepcrot.today/wp-content/uploads/2022/05/Ngentot-Sambil-Telpon-Mendesah-Situs-Nonton-Video-Bokep-Indo-Asia-Barat-Jepang-Film-Semi-scaled.jpg;https://www.blogger.com/video.g?token=AD6v5dyg45LXIuFs4tMWd2zBXh2gb_qfiGRRjF8WVaD5NNSYlb5g86Ddr3MANgmaKDofwapjn3qS1lan7Ufd5rhPaxq7_RmNXeyTLIjsgHh5fbi-vOv8EmQLpiSCb1rsHNxzTPnSAxNt;139;Bokep Asia
70;Bokep Ngentot Ukhti Crot Dimuka;Bokep Ngentot Ukhti Crot Dimuka;https://bokepcrot.today/wp-content/uploads/2022/06/Ngentot-Ukhti-Crot-Dimuka-bokepcrot-Situs-Nonton-Video-Bokep-Indo-Asia-Barat-Jepang-Film-Semi-scaled.jpg;https://www.blogger.com/video.g?token=AD6v5dwAHYp8bC3e8gvzeKjP8nq3rSB1UhxJfSuC78S1cKT0TTbQGc8xsb6j6_A9D99d5dJpmu9lOhXb81wVA9TgzntDrO-tgZUe1vaeHzd5tE70nlFzNDXLbHzbJQu7I5YNs-X5gTxT;271;Bokep Indo
71;Bokep Ngewe Disofa Tembak Dalam;Bokep Ngewe Disofa Tembak Dalam;https://bokepcrot.today/wp-content/uploads/2022/06/Ngewe-Disofa-Dalam-BokepCrot-Situs-Nonton-Video-Bokep-Indo-Asia-Barat-Jepang-Film-Semi-scaled.jpg;https://www.blogger.com/video.g?token=AD6v5dyPQtFbE2yP5naReDD0qA8iH9ioGQvl0FcK9GOCD2NAyOP-0J8fzyLXIVIHto37m8Di7KC88kgfLkLLRA8jutbJD2NKOjUidkmCBeKn1v_qTKMA1oa0iEc6DA8reOZpHCtd3SSl;360;Bokep Indo
72;Bokep Ngewe Pacar Di Kost;Bokep Ngewe Pacar Di Kost;https://bokepcrot.today/wp-content/uploads/2022/05/Ngewe-Pacar-Di-Kost-BokepCrot-Situs-Nonton-Video-Bokep-Indo-Asia-Barat-Jepang-Film-Semi-scaled.jpg;https://www.blogger.com/video.g?token=AD6v5dywzUKe8s9Kh1WBQWavw6slCInlrA_8Hdo_L3qGY4OhHvynCKz31QH0wsdkab5S-0MMSvsSycpk5wjUpt2S9bH-j8ZxhMTFJurAp-Ov8iO4qmXjWhMysJFY-IaNOC9zLKwT2Qg;130;Bokep Indo
73;Bokep Obat Tidur Crot Dalam;Bokep Obat Tidur Crot Dalam;https://bokepcrot.today/wp-content/uploads/2022/06/Obat-Tidur-Crot-Dalam-BokepCrot-Situs-Nonton-Video-Bokep-Indo-Asia-Barat-Jepang-Film-Semi-scaled.jpg;https://www.blogger.com/video.g?token=AD6v5dwCs9E_PnQkRQUAJa_vwLhX8a8fSITrNEhR3x3shNnowTrZ5lH9nZ0mUkJO2QuWLjM4vSaBLrEAfJk9O9NPS86fEkA-L8nQ4_TyxLXVFsumacoiAnyVNgPXc6YXJfE1jWCAQgK7;695;Bokep Barat
74;Bokep Om Bo Ayam Kampus;Bokep Om Bo Ayam Kampus;https://bokepcrot.today/wp-content/uploads/2022/06/Om-Bo-Ayam-Kampus-bokepcrot-Situs-Nonton-Video-Bokep-Indo-Asia-Barat-Jepang-Film-Semi-scaled.jpg;https://www.blogger.com/video.g?token=AD6v5dyfo30OVlmwDJ5p3z14s08z5lun9X4bL3LIo3DokCsjNpGjaa86TtfGRfUAef78vPPemkKnj-7ZnVUmrWO6xKTit-eumJRgUc0g9cfwbeQSaF4sEY53ZOF-f9pGH4cpFEjCpeoI;630;Bokep Indo
75;Bokep Open Bo 3 Cewek;Bokep Open Bo 3 Cewek;https://bokepcrot.today/wp-content/uploads/2022/05/Open-Bo-3-Cewek-bokepcrot-Situs-Nonton-Video-Bokep-Indo-Asia-Barat-Jepang-Film-Semi-scaled.jpg;https://www.blogger.com/video.g?token=AD6v5dx6XlToM9k6F3egQDP4CpgU74lg3YcL14l3w21oqIu7N_8Gs_56hqRmhKbiVHf2V0WcOXPdYPw98hULaVQZ1bjG5RX75hDwet1_GkpErR3BK7BU5Uf_sA6OB6BNqIFtY8gD8PkZ;38;Bokep Indo
76;Bokep Open Bo Ayam Kampus;Bokep Open Bo Ayam Kampus;https://bokepcrot.today/wp-content/uploads/2022/05/Open-Bo-Ayam-Kampus-BokepCrot-Situs-Nonton-Video-Bokep-Indo-Asia-Barat-Jepang-Film-Semi-scaled.jpg;https://www.blogger.com/video.g?token=AD6v5dyxP4LpBd3LG7eFFKaKlAMLD2MJ5Wu2gHdTdyfP2XWYU6sySHcFGWx2b0uHl1ZgiRqeY2iRQ9Z04aZpcZlSbPKNerxHGzqUyUaqR1Q6xiHipuJ4Wn6ecoha6hgqGbUaQF405ICG;1390;Bokep Indo
77;Bokep Open Bo Cewek Filipina;Bokep Open Bo Cewek Filipina;https://bokepcrot.today/wp-content/uploads/2022/06/Open-Bo-Cewek-Filipina-bokepcrot-Situs-Nonton-Video-Bokep-Indo-Asia-Barat-Jepang-Film-Semi-scaled.jpg;https://www.blogger.com/video.g?token=AD6v5dz2nvBNOSUasoUHwoAsDNcxlPhrvZbeBy7a0t-9Q59ou9n6ZWjo1eBABJhOjauhl-a-fWcbODZs5JX2BgnH-hDI3XYOOKuRR6QuvctR2SsRmCLvYjLE0LyTUWUMfohw3URdYDk;618;Bokep Asia
78;Bokep Open Bo Cewek Lemes;Bokep Open Bo Cewek Lemes;https://bokepcrot.today/wp-content/uploads/2022/05/Open-Bo-Cewek-Lemes-bokepcrot-Situs-Nonton-Video-Bokep-Indo-Asia-Barat-Jepang-Film-Semi-scaled.jpg;https://www.blogger.com/video.g?token=AD6v5dzEpvPIipzGFUdR0WNq6moz4fYut1TZPw_fmt_T6ImH6Dyn_dILIJnCjutBWko2WkhcmIGXNibseDAyed1l_fGYiFHqwQZI6kdgHYBCwygC7oCea55sPcY1Rmc6PkLfNlK7BGI;744;Bokep Indo
79;Bokep Open Bo Cewek Sange;Bokep Open Bo Cewek Sange;https://bokepcrot.today/wp-content/uploads/2022/06/Open-Bo-Cewek-Sange-bokepcrot-Situs-Nonton-Video-Bokep-Indo-Asia-Barat-Jepang-Film-Semi-scaled.jpg;https://www.blogger.com/video.g?token=AD6v5dwDabVeYpu-vUcIOJb-1CkHvG00bfBoXXogS7gLtDiOdubEmQ1sStCn6KJPHi_xvXL5WQbdlYdXK8WaXTatyreeNnp1HRDTXeJalVMebAg9YIRpU3WgPkN1vxDISU-kUs_fjw;335;Bokep Indo
80;Bokep Open Bo Cewek Thailand;Bokep Open Bo Cewek Thailand;https://bokepcrot.today/wp-content/uploads/2022/06/Open-Bo-Cewek-Thailand-BokepCrot-Situs-Nonton-Video-Bokep-Indo-Asia-Barat-Jepang-Film-Semi-scaled.jpg;https://www.blogger.com/video.g?token=AD6v5dzLKvv_Bw7wWBaBrSRzjdVtQ1dwoFJXRjRNn2FHvUnVzLzRPvRywWHK31HA_aF3YgAKAVpqT9mT-UiITcJrtw7j_p9JxMLE4vuvNp15qIbnMTmA2E1ienkpoRT6jCkcNye_PbVq;372;Bokep Asia
81;Bokep Open Bo Crot Dalam;Bokep Open Bo Crot Dalam;https://bokepcrot.today/wp-content/uploads/2022/05/Open-Bo-Crot-Dalam-BokepCrot-Situs-Nonton-Video-Bokep-Indo-Asia-Barat-Jepang-Film-Semi-scaled.jpg;https://www.blogger.com/video.g?token=AD6v5dw4kwZHyBS1nA2MP2gBmYahMpKr4jP2zXdtqyrH0xTd65IIzdR6gAFq8PMrrpg-zVJL313NrC9CMvrR0qqQyQMY-zUigRs9JcDCRtGuBkMtGtm-VODYjSL3H5LtQTNUwH4CeA4;815;Bokep Indo
82;Bokep Pacar Kesepian Di Rumah;Bokep Pacar Kesepian Di Rumah;https://bokepcrot.today/wp-content/uploads/2022/06/Pacar-Kesepian-Di-Rumah-bokepcrot-Situs-Nonton-Video-Bokep-Indo-Asia-Barat-Jepang-Film-Semi-scaled.jpg;https://www.blogger.com/video.g?token=AD6v5dxkb5WrEiE17-WjYnf_YJptBioMdScLV6Xjs1YHEEwkYzukzUd3ZddGJeVxN0KHSRqHaPEuwIpyl0TnceEGzvdhrhYQtv4jCupWHpCzHI-5WRytUpGrxq3MbipoA1VHKN0Ksws;1150;Bokep Indo
83;Bokep Pacar Sange Minta Colmek;Bokep Pacar Sange Minta Colmek;https://bokepcrot.today/wp-content/uploads/2022/05/Pacar-Sange-Minta-Colmek-bokepcrot-Situs-Nonton-Video-Bokep-Indo-Asia-Barat-Jepang-Film-Semi-scaled.jpg;https://www.blogger.com/video.g?token=AD6v5dzZpmfGCp0-TJzViA-FdKRzrd4DgyEwx_kKsHWyIVcEUhjYxvqNZywRV2T1M8-7oaRd2Nk7HivAG7xooBmqY6vVwXUXrPrWAogYSX7an_x9cAhNm9m9yyQAfGTXMprnwTHMmuo2;31;Bokep Barat
84;Bokep Pacar Sange Modus Ngewe;Bokep Pacar Sange Modus Ngewe;https://bokepcrot.today/wp-content/uploads/2022/06/Pacar-Sange-Modus-Ngewe-BokepCrot-Situs-Nonton-Video-Bokep-Indo-Asia-Barat-Jepang-Film-Semi-scaled.jpg;https://www.blogger.com/video.g?token=AD6v5dweTGVVMa8AgxkMYPjkeuh5QLojP0CJgwEaocsDMllnyx7QPJYwcELrlDoICI7-c8kCrr4y1-X6irxNiyEXfkfDbbW3KqmQtvlY_tIPhQ-NgLhI94FJM8AI4rLnewE9O3EeTck;736;Bokep Jepang
85;Bokep Pamer Pacar Baru Ke Mantan;Bokep Pamer Pacar Baru Ke Mantan;https://bokepcrot.today/wp-content/uploads/2022/06/Pamer-Pacar-Baru-Ke-Mantan-bokepcrot-Situs-Nonton-Video-Bokep-Indo-Asia-Barat-Jepang-Film-Semi-scaled.jpg;https://www.blogger.com/video.g?token=AD6v5dyaISN-O_KJkwV3yTBqhkbiZhGFGsah7eIyzDUU7OqLtBJed70uiV1UgJw6yjszxfzW5V8bTakjfIMml_c5JQd0G1DKbE_5KOgHNX_c5nuQ32s-9DHp8S6uEwo9b_OPJBYQtsin;405;Bokep Indo
86;Bokep Pasangan Baru Rajin Ngentot;Bokep Pasangan Baru Rajin Ngentot;https://bokepcrot.today/wp-content/uploads/2022/06/Pasangan-Baru-Rajin-Ngentot-BokepCrot-Situs-Nonton-Video-Bokep-Indo-Asia-Barat-Jepang-Film-Semi-scaled.jpg;https://www.blogger.com/video.g?token=AD6v5dyRXI6YVllFoqXU6OzmAkVOSMUJg8eCJnhy75-l_v4HkyeEp9SCLqqhbq32GLx3w52eGpmeQ9XUXKeaMof_zwLGtcp9LACeVqkjTPzOB0dKZf64G7XneLtcJWUA9D0lo3Wg11s;140;Bokep Asia
87;Bokep Pasangan Mesum Di Mobil;Bokep Pasangan Mesum Di Mobil;https://bokepcrot.today/wp-content/uploads/2022/06/Pasangan-Mesum-Di-Mobil-bokepcrot-Situs-Nonton-Video-Bokep-Indo-Asia-Barat-Jepang-Film-Semi-scaled.jpg;https://www.blogger.com/video.g?token=AD6v5dxnPmtUwQ8eTVaiMDP0KW9NSbk5C9RATMHhqX0IAMGkBBbK88hRXWbPjuWp7Kj3sXFbyXTR1DSKL4SDx_iEIqo2sXrmbkDi1OHHwWiy8WoULU8U3cV-wWJSKwBBpxErE1zr59V_;292;Bokep Indo
88;Bokep Pramuka Ara Chuu;Bokep Pramuka Ara Chuu;https://bokepcrot.today/wp-content/uploads/2022/05/Bokep-Pramuka-Ara-Chuu-BokepCrot-Situs-Nonton-Video-Bokep-Indo-Asia-Barat-Jepang-Film-Semi-scaled.jpg;https://www.blogger.com/video.g?token=AD6v5dzPh-8TV0dTngRQUPBMI88Kf7tOZptpi734hl3x85YdSY6enNax8Kbvda2jY-VfmD6dThODD4eM2wd9BsFZkUs9BriVTHHLddIMPj1bQZ7sTAY6HYlt8P3vk2GabjPx7heq0jH0;60;Bokep Indo
89;Bokep Prank Ojol Live;Bokep Prank Ojol Live;https://bokepcrot.today/wp-content/uploads/2022/05/Bokep-Prank-Ojol-Live-bokepcrot-Situs-Nonton-Video-Bokep-Indo-Asia-Barat-Jepang-Film-Semi-scaled.jpg;https://www.blogger.com/video.g?token=AD6v5dztYSFhvgj4D7cpbBGq2cNDtPiem3iKdiYWyUQ7tvugTLCuLJj72qwSH75Yucpcw5dy4gqPDVNKLQQxA2LS9KuM4RUehRuvhkZcFZY4Xd5UbjuqoXURrSoqk0FsgxOC90IIBfTe;130;Bokep Indo
90;Bokep Prostitusi Remaja Di Thailand;Bokep Prostitusi Remaja Di Thailand;https://bokepcrot.today/wp-content/uploads/2022/06/Prostitusi-Remaja-Di-Thailand-BokepCrot-Situs-Nonton-Video-Bokep-Indo-Asia-Barat-Jepang-Film-Semi-scaled.jpg;https://www.blogger.com/video.g?token=AD6v5dzQHwIWVgfD1UnJQHM3B94PmTVPJ_feX4V3ABEMqphyGApCwZeBNakqTkyUKfq4q89kCbYR3i7-lutYuVkydRAMeSYeBnF3vRp8nchBIVsgmiUbpkHJz7b73MAUr9SRz-ljwaN_;631;Bokep Asia
91;Bokep Pulang Sekolah Bikin Nafsu;Bokep Pulang Sekolah Bikin Nafsu;https://bokepcrot.today/wp-content/uploads/2022/06/Pulang-Sekolah-Bikin-Nafsu-bokepcrot-Situs-Nonton-Video-Bokep-Indo-Asia-Barat-Jepang-Film-Semi-scaled.jpg;https://www.blogger.com/video.g?token=AD6v5dywqnHRl8UImWQ0iF7990OZ8vd3c3A8RluCCqiVIbdhNqx9UMEF-QALTtRppqhdMoHVleOUMZyUd1NVwBKCIi54oopYVNUgzPWMrygVyDXCquiiTEkpXqa7znRsqA7hsSIxfU8;742;Bokep Jepang
92;Bokep Pulang Sekolah Ngentot Di Kosan;Bokep Pulang Sekolah Ngentot Di Kosan;https://bokepcrot.today/wp-content/uploads/2022/05/Pulang-Sekolah-Ngentot-Di-Kosan-BokepCrot-Situs-Nonton-Video-Bokep-Indo-Asia-Barat-Jepang-Film-Semi-scaled.jpg;https://www.blogger.com/video.g?token=AD6v5dywavVUXg2y65YmNKQkj_HpPN9RQj5IJfFk2Zs4jC16r3mOLsxXzvOVeFwQLkGrdUpqWSE0Qr1Ai0w6xxA8cufJNWQSlQEkrpaYY5xdIA2AHmhdXvJ09pNBcX5H4Yk_rLCxwFA;192;Bokep Indo
93;Bokep Rekaman Ngentot Pacar Nafsu;Bokep Rekaman Ngentot Pacar Nafsu;https://bokepcrot.today/wp-content/uploads/2022/05/Rekaman-Ngentot-Pacar-Nafsu-bokepcrot-Situs-Nonton-Video-Bokep-Indo-Asia-Barat-Jepang-Film-Semi-scaled.jpg;https://www.blogger.com/video.g?token=AD6v5dwC4cGsMr6TUvTsxnTWE6ATpn4x_y1_elTvqB9L_i6s4GN-nshQQWYonyC4vE-e7UHfs--moh4mjkFCfQXcflzqluM_Wnm0sCI_A56MSz-1WWOlvm9nk4kPOZ44jpgJ_01SuVJ2;118;Bokep Indo
94;Bokep Sepong Pakai Es Cream;Bokep Sepong Pakai Es Cream;https://bokepcrot.today/wp-content/uploads/2022/05/Sepong-Pakai-Es-Cream-BokepCrot-Situs-Nonton-Video-Bokep-Indo-Asia-Barat-Jepang-Film-Semi-scaled.jpg;https://www.blogger.com/video.g?token=AD6v5dyGujK3DkAPahEYHxlstgm-xudJZdzk2kLArTSVdwgEzB3sGdjiLRWXFjZbuf3V8ndGAGB7zAZBgXz7gXSZHKTnpori4HnQR8KMLMGyk0pibFZWvqXtBkrg1SvNPkvPSroXFhno;25;Bokep Indo
95;Bokep Skandal Mesum Di Mobil;Bokep Skandal Mesum Di Mobil;https://bokepcrot.today/wp-content/uploads/2022/05/Skandal-Mesum-Di-Mobil-Situs-Nonton-Video-Bokep-Indo-Asia-Barat-Jepang-Film-Semi-scaled.jpg;https://www.blogger.com/video.g?token=AD6v5dyiqovR9aaJOGmRhHYugNjkurq18EvKDV2nmFBjHlKiyOwxdyjwppghhRxQ3z3JcRsLbDNY0jMotfCnwS14J7gcQWBDosCV4HZo6O-6OWELcbzlE15Rg9nIaCIqd6JKO69Zdfg;619;Bokep Indo
96;Bokep Skandal Viral Hijab Bandung;Bokep Skandal Viral Hijab Bandung;https://bokepcrot.today/wp-content/uploads/2022/05/Skandal-Viral-Hijab-Bandung-BokepCrot-Situs-Nonton-Video-Bokep-Indo-Asia-Barat-Jepang-Film-Semi-scaled.jpg;https://www.blogger.com/video.g?token=AD6v5dwirfFNaPd7UA9dY8IMf8_ZQa0nreOuvNwV77p4uOgVPn-XIeSVHEzoj6xpyH8cRld1NzbnqHmJWZLKfOCeYEYEYDC00ej9VGoMgeKFTnOUUV-UFBB_qiccNfD1E5uxlqZlAgU;102;Bokep Indo
97;Bokep SMA Main Dildo;Bokep SMA Main Dildo;https://bokepcrot.today/wp-content/uploads/2022/05/Bokep-SMA-Main-Dildo-BokepCrot-Situs-Nonton-Video-Bokep-Indo-Asia-Barat-Jepang-Film-Semi-scaled.jpg;https://www.blogger.com/video.g?token=AD6v5dzUeVNlS6KbZzd4S1M-wLMO8xMCXBbUQVkfjoQgdSBQtB0fhJf1FQVRtRuWfCfF5NPEmNcbVzijXVPYOqWzx--gHmFhWu_Lc2uoSGzefixzPI4v_VP1BdCsebLGh0adf4xQS3Tx;140;Bokep Indo
98;Bokep SMA Remas Toket;Bokep SMA Remas Toket;https://bokepcrot.today/wp-content/uploads/2022/06/Bokep-SMA-Remas-Toket-bokepcrot-Situs-Nonton-Video-Bokep-Indo-Asia-Barat-Jepang-Film-Semi-scaled.jpg;https://www.blogger.com/video.g?token=AD6v5dzbggwItg3obU7xIzypjcaMGpEJrcXK6r_9hded9n5cbtIL3uZIQfjoJJhPkGA8aGzTNsKTCmMfzaFAJZLqQXy-7s6HcU927GwtEtEh2AqEGQZsE6OmM-wkwP9YTZKymTrqXXA;100;Bokep Indo
99;Bokep Suka Nyepong Telan Peju;Bokep Suka Nyepong Telan Peju;https://bokepcrot.today/wp-content/uploads/2022/05/Suka-Nyepong-Telan-Peju-BokepCrot-Situs-Nonton-Video-Bokep-Indo-Asia-Barat-Jepang-Film-Semi-scaled.jpg;https://www.blogger.com/video.g?token=AD6v5dyG9s-6qvgr-_peaWJf1Lm_vws1_J_VXJK4pN3vOAeP8G1Prup38W4Yi9hv7AFxbC5I3VyKzrzIC1Ksm9WS82xmmFj_bJy0aKeRvqIXp4oqDBTByN00pSoD8tlCTAkw0gVzv6CX;295;Bokep Indo
100;Bokep Tante Doyan Telan Sperma;Bokep Tante Doyan Telan Sperma;https://bokepcrot.today/wp-content/uploads/2022/06/Tante-Doyan-Telan-Sperma-bokepcrot-Situs-Nonton-Video-Bokep-Indo-Asia-Barat-Jepang-Film-Semi-scaled.jpg;https://www.blogger.com/video.g?token=AD6v5dyVo91OL7bKgW77D_-zq--OcDCpry0fyBFrmQyg5qTfL89Tkdv8rkFJqrbW10GXPFd0_QrFSTMP6qbhvpDzqZak00VnFLYRt9QmUy4RliYo2o8P7WD3lT8QmCQk9KjlMu2-R04;337;Bokep Barat
101;Bokep Teman Kantor Pulang Lembur;Bokep Teman Kantor Pulang Lembur;https://bokepcrot.today/wp-content/uploads/2022/06/Teman-Kantor-Pulang-Lembur-bokepcrot-Situs-Nonton-Video-Bokep-Indo-Asia-Barat-Jepang-Film-Semi-scaled.jpg;https://www.blogger.com/video.g?token=AD6v5dwGznXAC8PIBgCMj-zU5UvUS6C5nN56PGQCc6owwE62rJwWu8VLQ3ox9troTZhiUShlEiBAtpeesaM9fum4vMSBzz1Hh0jDgK_82XdQGymXF4BMRb_pN3oR-zKb7zmDRSMJEi8;480;Bokep Jepang
102;Bokep Thailand Cewek Hrony;Bokep Thailand Cewek Hrony;https://bokepcrot.today/wp-content/uploads/2022/05/Bokep-Thailand-Cewek-Hrony-bokepcrot-Situs-Nonton-Video-Bokep-Indo-Asia-Barat-Jepang-Film-Semi-scaled.jpg;https://www.blogger.com/video.g?token=AD6v5dznKhlGgOC0JmWaq9lIrSeoJbs4H59uKpffWlGKlsdxVc21yBQUOnIDtD9OgJMXGtuItf6mVPKMgXy4cO9r_F54E3q4Nnd1uGbmJafcylwJB0Pdro4eEvsUndzyPkWHPUOOTW0;311;Bokep Asia
103;Bokep TKW Keenakan Dientot Bule;Bokep TKW Keenakan Dientot Bule;https://bokepcrot.today/wp-content/uploads/2022/05/TKW-Keenakan-Dientot-Bul-bokepcrot-Situs-Nonton-Video-Bokep-Indo-Asia-Barat-Jepang-Film-Semi-scaled.jpg;https://www.blogger.com/video.g?token=AD6v5dwh-04W7oODXBac5IcqcB1Mejg6yKo-ileIJLCPOYENZs8Uh4ytZUL8vOoEaa1sXnKTB9adE5hA9owyDHPvPRRf6bVf5wpIG3AkhLZ_Dy69b4_O7dIIN8yDy-XO-Jmj5znTZUMB;310;Bokep Indo
104;Bokep TKW Sepong Kontol;Bokep TKW Sepong Kontol;https://bokepcrot.today/wp-content/uploads/2022/05/Bokep-TKW-Sepong-Kontol-bokepcrot-Situs-Nonton-Video-Bokep-Indo-Asia-Barat-Jepang-Film-Semi-scaled.jpg;https://www.blogger.com/video.g?token=AD6v5dxcDsZ5V2cGn7RSLygGVJmfBf9qXiOr0rtvPzflL5s2xmZa6b3UG5AVyKbysyBf1SEW4Uvi1-CXJ-Npf5nRODjHMn2yg9Miuq1VBNYz1dsIxQlREHuOqVSeNMXmm2Ts4jqdMjI;620;Bokep Indo
105;Bokep TukTuk Patrol Cewek Sange;Bokep TukTuk Patrol Cewek Sange;https://bokepcrot.today/wp-content/uploads/2022/05/TukTuk-Patrol-Cewek-Sange-bokepcrot-Situs-Nonton-Video-Bokep-Indo-Asia-Barat-Jepang-Film-Semi-scaled.jpg;https://www.blogger.com/video.g?token=AD6v5dx1fSYZZVfPoBY9sfRW8CN4OlXnNAdMw7eq2IHLL6yoJ8My3aLu7URyeLz3NLu4yy9pe7eBGN1fAGKu05G-oWLPMzN6aBwO6lDdUQsCdap9PTJG3JlAZAJ_0AHyI17_HgHz5g;830;Bokep Asia
106;Bokep TukTuk Patrol Full Video;Bokep TukTuk Patrol Full Video;https://bokepcrot.today/wp-content/uploads/2022/05/TukTuk-Patrol-Full-Video-bokepcrot-Situs-Nonton-Video-Bokep-Indo-Asia-Barat-Jepang-Film-Semi-scaled.jpg;https://www.blogger.com/video.g?token=AD6v5dwTvsrNnQNKu9gbRSS2cOjJzFS6gRYLQzqns-_BhthIb_dsNLOayfyi-G1E5-CLhq1RnnWdG-456Pa4GytaYxVe8jL_15_w8b_oBBuaJj3KN0nSSirH12xGB4zX2aDZqqjRaYI;839;Bokep Asia
107;Bokep TukTuk Patrol Open Bo;Bokep TukTuk Patrol Open Bo;https://bokepcrot.today/wp-content/uploads/2022/06/TukTuk-Patrol-Open-Bo-bokepcrot-Situs-Nonton-Video-Bokep-Indo-Asia-Barat-Jepang-Film-Semi-scaled.jpg;https://www.blogger.com/video.g?token=AD6v5dyCL22V02erY9aFcKMMONGUpNZc5xnreI5pYsrsLCGwSuUJDaJ6OWzxJXtknxMsU4JPzC59xmCwbNvPopvVLnnjdSQ_PxwY6dnYrl8e1DnitoBm6EaTUDOT-2QZ_yeWBo2zzU_Z;680;Bokep Barat
108;Bokep Tunjukin Pap Ayah Tiri;Bokep Tunjukin Pap Ayah Tiri;https://bokepcrot.today/wp-content/uploads/2022/06/Tunjukin-Pap-Ayah-Tiri-Asian-Diary-Jakarta-BokepCrot-Situs-Nonton-Video-Bokep-Indo-Asia-Barat-Jepang-Film-Semi-scaled.jpg;https://www.blogger.com/video.g?token=AD6v5dxJxJjQF-KhZ_55C5IXWTW60IXbic6LeyLqE-S71elGlCGN-NF8q95L46emKJ-ipva4Q7Ypj2atV_OWgdw3DVnxqTh0H4mzbiT8yXMUNn944U1hr0Em16rw1b-lTvJufMQuABlY;474;Bokep Barat
109;Bokep Udah Crot Dicolok Lagi;Bokep Udah Crot Dicolok Lagi;https://bokepcrot.today/wp-content/uploads/2022/06/Udah-Crot-Dicolok-Lagi-BokepCrot-Situs-Nonton-Video-Bokep-Indo-Asia-Barat-Jepang-Film-Semi-scaled.jpg;https://www.blogger.com/video.g?token=AD6v5dyJ-KqvzL6gL0RneJ8OQxisA4wmc9QBeA2GSlgVo6P7pa7JoYq0d1eo4qJEjiGb78w9zYU4Xv_8NtpWZw28iY7Hdqx9jhrIwHNrihXp4VtlssZRS9GD4vAg19dnnJjAz1ByjN3C;650;Bokep Barat
110;Bokep Udah Sayang Ga Kuat;Bokep Udah Sayang Ga Kuat;https://bokepcrot.today/wp-content/uploads/2022/06/Udah-Sayang-Ga-Kuat-bokepcrot-Situs-Nonton-Video-Bokep-Indo-Asia-Barat-Jepang-Film-Semi-scaled.jpg;https://www.blogger.com/video.g?token=AD6v5dxzVsiF92_Nr-OUbfbJNYBElVGnEhB3FROxYwstreQR_mj0BbKGrlJEyhtszjoiCzri-oVlY7_-DJKA0sA1Yg14NhrlCwrgejyH6bw4FGgb7MTRJkF1xTpLV0gmB-iZAncQuuI;99;Bokep Indo
111;Bokep Video Colmek Pacar Sange;Bokep Video Colmek Pacar Sange;https://bokepcrot.today/wp-content/uploads/2022/05/Video-Colmek-Pacar-Sange-bokepcrot-Situs-Nonton-Video-Bokep-Indo-Asia-Barat-Jepang-Film-Semi-scaled.jpg;https://www.blogger.com/video.g?token=AD6v5dwqd61xTRry7gN4fcMQtnMEkEj8BkWcn5Y5CFVv3CZDW9otx8VJotqwKhiGkqI1JLNTG7IUZ7P0slVHCClV8R5OAl0h-_7ylZ1IQk-doKgXNyeDALe8knzAgF5WImAjVdjfYFrE;139;Bokep Indo
112;Bokep Video Colmek Sampai Crot;Bokep Video Colmek Sampai Crot;https://bokepcrot.today/wp-content/uploads/2022/06/Video-Colmek-Sampai-Crot-bokepcrot-Situs-Nonton-Video-Bokep-Indo-Asia-Barat-Jepang-Film-Semi-scaled.jpg;https://www.blogger.com/video.g?token=AD6v5dxy61EEv8grR5UeuVqv7gSHvLFLX78Ms3JZOC-j6dzUd4L407pn5C3vzUUlC94uCSeme9J_fmQK3yyPg64Pxqe2kQk9RN4IPsQIYiN7IStJZgW5RdGqT6T3OXDem9BJmv9VbOli;115;Bokep Indo
113;Bokep Video Live Omek Toge;Bokep Video Live Omek Toge;https://bokepcrot.today/wp-content/uploads/2022/05/Video-Live-Omek-Toge-bokepcrot-Situs-Nonton-Video-Bokep-Indo-Asia-Barat-Jepang-Film-Semi-scaled.jpg;https://www.blogger.com/video.g?token=AD6v5dzeyNK2LF9jObEMuoYNHrBVDemwXfc5nVX7JCcpZIG0PPYqqacVUU-laG_APQeMVE4agIzvz13gamuy2MqNtcaygt3pKs5ZK5cGoldPNveqFgDuK6HWawb_B2fKKiUYUZOo2d8;180;Bokep Indo
114;Bokep Video Mandi Buat Ayang;Bokep Video Mandi Buat Ayang;https://bokepcrot.today/wp-content/uploads/2022/05/Video-Mandi-Buat-Ayang-bokepcrot-Situs-Nonton-Video-Bokep-Indo-Asia-Barat-Jepang-Film-Semi-scaled.jpg;https://www.blogger.com/video.g?token=AD6v5dz8NDpjRQW2rdTqlq3MSc6u7FBksJ0JAvwh5ThWjgE8jwRjny_AGPs4RZRZZFAmI_ijYmW8eygr0pnIuxqqUmroFkLRCgu2aIAi_GWx3_139CQLiEnFCf9REFqbGCCM49sIx7c;311;Bokep Indo
115;Bokep Viral Seragam SMA Diikat;Bokep Viral Seragam SMA Diikat;https://bokepcrot.today/wp-content/uploads/2022/05/Viral-Seragam-SMA-Diikat-bokepcrot-Situs-Nonton-Video-Bokep-Indo-Asia-Barat-Jepang-Film-Semi-scaled.jpg;https://www.blogger.com/video.g?token=AD6v5dwYl4yXIQpx3DA3yG4_N0DMJvY1RVumhvxCoeAXOYvPSrkWV5jbl75bm8ailW8aIArNLj_lCmY8KDm884HVbaSJqFQWqZQr774dBODySWfWCUaxD8znKCQkIDxfeETTr0cN6NBO;283;Bokep Indo
116;Bokep Wawancara PSK Sebelum Ngentot;Bokep Wawancara PSK Sebelum Ngentot;https://bokepcrot.today/wp-content/uploads/2022/06/Wawancara-PSK-Sebelum-Ngentot-bokepcrot-Situs-Nonton-Video-Bokep-Indo-Asia-Barat-Jepang-Film-Semi-scaled.jpg;https://www.blogger.com/video.g?token=AD6v5dwC0KeuvKCnJ_iBTnmDW3u9iabldMj1-3wkFq-CxEfdSLlSRXy0g5QbIuKA073W1IJyRAJNczqRhJv_HeJ33RAUx7FcbdGlErbvFxUqdm_JZS30lfr_QAeWIYK1_cROCNIq5O39;649;Bokep Asia
